{
	"credit": "BlueHDGaming",
	"ambientocclusion": false,
	"textures": {
		"flowerpot": "block/nether_flower_pot",
		"particle": "block/break_particle/nether_flower_pot"
	},
	"elements": [
		{
			"from": [1, 4, 8],
			"to": [15, 16, 8],
			"shade": false,
			"faces": {
				"north": {"uv": [0, 0, 16, 16], "texture": "#plant"},
				"south": {"uv": [0, 0, 16, 16], "texture": "#plant"}
			}
		},
		{
			"from": [8, 4, 1],
			"to": [8, 16, 15],
			"shade": false,
			"faces": {
				"east": {"uv": [0, 0, 16, 16], "texture": "#plant"},
				"west": {"uv": [0, 0, 16, 16], "texture": "#plant"}
			}
		},
		{
			"from": [10, 4, 6],
			"to": [6, 6, 10],
			"rotation": {"angle": 45, "axis": "y", "origin": [8, 4, 8]},
			"faces": {
				"north": {"uv": [1, 10, 5, 12], "texture": "#flowerpot"},
				"east": {"uv": [1, 10, 5, 12], "texture": "#flowerpot"},
				"south": {"uv": [1, 10, 5, 12], "texture": "#flowerpot"},
				"west": {"uv": [1, 10, 5, 12], "texture": "#flowerpot"},
				"down": {"uv": [6, 6, 10, 10], "texture": "#soil"}
			}
		},
		{
			"from": [5, 0, 5],
			"to": [11, 4, 11],
			"rotation": {"angle": 45, "axis": "y", "origin": [8, 4, 8]},
			"faces": {
				"north": {"uv": [0, 12, 6, 16], "texture": "#flowerpot"},
				"east": {"uv": [0, 12, 6, 16], "texture": "#flowerpot"},
				"south": {"uv": [0, 12, 6, 16], "texture": "#flowerpot"},
				"west": {"uv": [0, 12, 6, 16], "texture": "#flowerpot"},
				"up": {"uv": [6, 4, 12, 10], "texture": "#flowerpot"},
				"down": {"uv": [0, 4, 6, 10], "texture": "#flowerpot", "cullface": "down"}
			}
		},
		{
			"from": [5.5, 4, 5.5],
			"to": [10.5, 5, 10.5],
			"rotation": {"angle": 45, "axis": "y", "origin": [8, 4, 8]},
			"faces": {
				"north": {"uv": [0.5, 11, 5.5, 12], "texture": "#flowerpot"},
				"east": {"uv": [0.5, 11, 5.5, 12], "texture": "#flowerpot"},
				"south": {"uv": [0.5, 11, 5.5, 12], "texture": "#flowerpot"},
				"west": {"uv": [0.5, 11, 5.5, 12], "texture": "#flowerpot"}
			}
		},
		{
			"from": [5, 5, 5],
			"to": [11, 6, 11],
			"rotation": {"angle": 45, "axis": "y", "origin": [8, 4, 8]},
			"faces": {
				"north": {"uv": [0, 10, 6, 11], "texture": "#flowerpot"},
				"east": {"uv": [0, 10, 6, 11], "texture": "#flowerpot"},
				"south": {"uv": [0, 10, 6, 11], "texture": "#flowerpot"},
				"west": {"uv": [0, 10, 6, 11], "texture": "#flowerpot"},
				"up": {"uv": [6, 4, 12, 10], "texture": "#flowerpot"},
				"down": {"uv": [6, 4, 12, 10], "texture": "#flowerpot"}
			}
		}
	]
}