{
	"credit": "BlueHDGaming",
	"ambientocclusion": false,
	"textures": {
		"flowerpot": "block/medium_flower_pot",
		"particle": "block/break_particle/flower_pot"
	},
	"elements": [
		{
			"from": [7, 4, 7],
			"to": [9, 16, 9],
			"rotation": {"angle": 45, "axis": "y", "origin": [8, 0, 8]},
			"faces": {
				"north": {"uv": [6, 0, 8, 12], "texture": "#plant"},
				"east": {"uv": [6, 0, 8, 12], "texture": "#plant"},
				"south": {"uv": [6, 0, 8, 12], "texture": "#plant"},
				"west": {"uv": [6, 0, 8, 12], "texture": "#plant"},
				"up": {"uv": [13, 0, 15, 2], "texture": "#plant", "cullface": "up"}
			}
		},
		{
			"from": [0, 4, 8],
			"to": [16, 18, 8],
			"shade": false,
			"rotation": {"angle": 45, "axis": "y", "origin": [8, 0, 8]},
			"faces": {
				"north": {"uv": [0, 0, 16, 14], "texture": "#plant_leaf"},
				"south": {"uv": [16, 0, 0, 14], "texture": "#plant_leaf"}
			}
		},
		{
			"from": [11, 4, 5],
			"to": [5, 6, 11],
			"rotation": {"angle": 45, "axis": "y", "origin": [8, 0, 8]},
			"faces": {
				"north": {"uv": [1, 10, 7, 12], "texture": "#flowerpot"},
				"east": {"uv": [1, 10, 7, 12], "texture": "#flowerpot"},
				"south": {"uv": [1, 10, 7, 12], "texture": "#flowerpot"},
				"west": {"uv": [1, 10, 7, 12], "texture": "#flowerpot"},
				"down": {"uv": [5, 5, 11, 11], "texture": "#soil"}
			}
		},
		{
			"from": [4, 0, 4],
			"to": [12, 4, 12],
			"rotation": {"angle": 45, "axis": "y", "origin": [8, 0, 8]},
			"faces": {
				"north": {"uv": [0, 12, 8, 16], "texture": "#flowerpot"},
				"east": {"uv": [0, 12, 8, 16], "texture": "#flowerpot"},
				"south": {"uv": [0, 12, 8, 16], "texture": "#flowerpot"},
				"west": {"uv": [0, 12, 8, 16], "texture": "#flowerpot"},
				"up": {"uv": [8, 2, 16, 10], "texture": "#flowerpot"},
				"down": {"uv": [0, 2, 8, 10], "texture": "#flowerpot", "cullface": "down"}
			}
		},
		{
			"from": [4.5, 4, 4.5],
			"to": [11.5, 5, 11.5],
			"rotation": {"angle": 45, "axis": "y", "origin": [8, 0, 8]},
			"faces": {
				"north": {"uv": [0.5, 11, 7.5, 12], "texture": "#flowerpot"},
				"east": {"uv": [0.5, 11, 7.5, 12], "texture": "#flowerpot"},
				"south": {"uv": [0.5, 11, 7.5, 12], "texture": "#flowerpot"},
				"west": {"uv": [0.5, 11, 7.5, 12], "texture": "#flowerpot"}
			}
		},
		{
			"from": [4, 5, 4],
			"to": [12, 6, 12],
			"rotation": {"angle": 45, "axis": "y", "origin": [8, 0, 8]},
			"faces": {
				"north": {"uv": [0, 10, 8, 11], "texture": "#flowerpot"},
				"east": {"uv": [0, 10, 8, 11], "texture": "#flowerpot"},
				"south": {"uv": [0, 10, 8, 11], "texture": "#flowerpot"},
				"west": {"uv": [0, 10, 8, 11], "texture": "#flowerpot"},
				"up": {"uv": [8, 2, 16, 10], "texture": "#flowerpot"},
				"down": {"uv": [8, 2, 16, 10], "texture": "#flowerpot"}
			}
		}
	]
}